{
  "base_link_offset": [0.010515496134757996, 0.006347000598907471, 0.11118900775909424],
  "bbox_size": [1.003950983285904, 0.4848560094833374, 0.7821060419082642],
  "valid_surfaces": [
    {
      "name": "top",
      "link": "root",
      "offset_from_base": [0.02, 0.035, 0.335],
      "size": [0.16, 0.23],
      "max_height": 10000.0,
      "prob": 1.0
    }
  ]
}