{"base_link_offset": [-0.00043899938464164734, -0.0006364993751049042, -0.03389600105583668], "bbox_size": [0.22997800260782242, 0.18438700586557388, 0.12664000317454338], "link_bounding_boxes": {"base_link": {"collision": {"axis_aligned": {"extent": [0.22997800000000002, 0.18438700000000002, 0.12664], "transform": [[1.0, 0.0, 0.0, -0.0004390000000000019], [0.0, 1.0, 0.0, -0.000838499999999999], [0.0, 0.0, 1.0, -0.033895999999999996], [0.0, 0.0, 0.0, 1.0]]}, "oriented": {"extent": [0.12664, 0.18438700000000002, 0.22997800000000002], "transform": [[0.0, 1.2246467991473532e-16, 1.0, -0.00043899999999999506], [0.0, 1.0, -1.2246467991473532e-16, -0.000838499999999992], [-1.0, -0.0, -0.0, -0.033895999999999996], [0.0, 0.0, 0.0, 1.0]]}}, "visual": {"axis_aligned": {"extent": [0.228964, 0.183171, 0.12593000000000001], "transform": [[1.0, 0.0, 0.0, -0.00043899999999999495], [0.0, 1.0, 0.0, -0.000737500000000002], [0.0, 0.0, 1.0, -0.033744], [0.0, 0.0, 0.0, 1.0]]}, "oriented": {"extent": [0.12593000000000001, 0.18317099999999997, 0.22896399999999997], "transform": [[-0.0, -0.0, -1.0, -0.00043899999999999495], [-0.0, -1.0, -0.0, -0.000737500000000002], [-1.0, -0.0, -0.0, -0.033743999999999996], [0.0, 0.0, 0.0, 1.0]]}}}}}