{
  "base_link_offset": [0.0025695115327835083, 0.05705643287971354, -4.027944320267318e-05],
  "bbox_size": [0.777358996629715, 0.8898111044630461, 1.09856139076722],
  "valid_surfaces": [
      {
        "name": "top",
        "link": "root",
        "offset_from_base": [0.00, 0.0742, 0.5298],
        "size": [0.7649, 0.8362],
        "max_height": 10000.0,
        "prob": 0.01
      },
      {
        "name": "tray1",
        "link": "link_1",
        "offset_from_base": [0.000, -0.055, 0.3],
        "size": [0.52, 0.57],
        "max_height": 0.4974,
        "prob": 0.99
      }
    ]
}