{
    "lime": {
        "size": [
            0.07619999999999999,
            0.07619999999999999,
            0.127
        ],
        "mass": 0.09,
        "density": 122.04748818946459,
        "enable_ag": 1
    },
    "milk": {
        "size": [
            0.152908,
            0.152908,
            0.2518664
        ],
        "mass": 3.9,
        "density": 662.2682830159048,
        "enable_ag": 1
    },
    "cereal": {
        "size": [
            0.195834,
            0.05968999999999999,
            0.304292
        ],
        "mass": 0.5624545388,
        "density": 158.12743180595982,
        "enable_ag": 1
    },
    "cheese": {
        "size": [
            0.13,
            0.13,
            0.02
        ],
        "mass": 0.25153408675000005,
        "density": 744.1836886094676,
        "enable_ag": 1
    },
    "ginger": {
        "size": [
            0.11,
            0.11,
            0.06
        ],
        "mass": 0.17690102430000001,
        "density": 243.66532272727272,
        "enable_ag": 1
    },
    "pasta": {
        "size": [
            0.26924,
            0.08,
            0.06
        ],
        "mass": 0.45359237,
        "density": 350.98206216263065,
        "enable_ag": 1
    },
    "cinnamon": {
        "size": [
            0.12290424999999999,
            0.04,
            0.04
        ],
        "mass": 0.10669904620807047,
        "density": 542.5923341141095,
        "enable_ag": 1
    }
}