{
  "base_link_offset": [-0.13330647349357605, 0.07213801145553589, -0.06534500420093536],
  "bbox_size": [1.3738449988365173, 0.8793659982681274, 0.8601000187397003],
  "valid_surfaces": [
    {
      "name": "top",
      "offset_from_base": [-0.1327, 0.0733, 0.3484],
      "size": [1.288, 0.8646],
      "max_height": 10000.0,
      "prob": 0.5
    },
    {
      "name": "drawer1",
      "offset_from_base": [0.2712, 0.0091, 0.0956],
      "size": [0.4368, 0.622],
      "max_height": 0.1399,
      "prob": 0.5
    }
  ]
}