{
  "base_link_offset": [0.005679994821548462, -0.035921499133110046, -0.07162150740623474],
  "bbox_size": [1.0087279677391052, 0.7761770188808441, 1.676958978176117]
}