{
  "base_link_offset": [5.066394805908203e-07, 0.0002810060977935791, 0.0040315017104148865],
  "bbox_size": [0.648481011390686, 0.6485440135002136, 0.40912099182605743],
  "valid_surfaces": [
    {
      "name": "top",
      "link": "root",
      "offset_from_base": [0.0, 0.0, 0.2086],
      "size": [1.5, 1.5],
      "max_height": 10000.0,
      "prob": 1.0
    }
  ]
}