{"base_link_offset": [-0.000518500804901123, 0.0, 0.17335349961649626], "bbox_size": [0.6365569829940796, 1.1220719814300537, 0.35301099927164614], "orientations": [{"prob": 1.0, "variation": 0.05, "rotation": [0.0, 0.0, 0.0, 1.0], "size": [0.635413996219635, 1.1197679557800293, 0.35166000509262085]}], "link_bounding_boxes": {"base_link": {"collision": {"axis_aligned": {"extent": [0.636557, 1.122072, 0.35301099999999996], "transform": [[1.0, 0.0, 0.0, -0.0005185000000000051], [0.0, 1.0, 0.0, 0.0], [0.0, 0.0, 1.0, 0.1733535], [0.0, 0.0, 0.0, 1.0]]}, "oriented": {"extent": [0.35301099999999996, 0.636557, 1.122072], "transform": [[0.0, 1.0, -6.123233995736766e-17, -0.0005184999999999773], [-0.0, -6.123233995736766e-17, -1.0, 3.174896826789374e-20], [-1.0, -0.0, -0.0, 0.1733535], [0.0, 0.0, 0.0, 1.0]]}}, "visual": {"axis_aligned": {"extent": [0.631414, 1.115768, 0.34766], "transform": [[1.0, 0.0, 0.0, 0.0], [0.0, 1.0, 0.0, 0.0], [0.0, 0.0, 1.0, 0.17383], [0.0, 0.0, 0.0, 1.0]]}, "oriented": {"extent": [0.34766, 0.631414, 1.115768], "transform": [[-0.0, -1.0, -6.123233995736766e-17, -0.0], [0.0, -6.123233995736766e-17, 1.0, 0.0], [-1.0, -0.0, -0.0, 0.17383], [0.0, 0.0, 0.0, 1.0]]}}}}}